name,katakana,address,ido,keido,wbgt_time_json
@J,л,ts@J,45.312,141.561,
t,ܯŲ,tsJ^@tnCۑ,45.249,141.407,
當,,當S當厚[giC,45.183,141.27,
,Ĳ,ts厚⑺@tqCۊϑ,45.242,141.481,
lSu,ϵƼ,@JSlSu,45.201,142.102,
{,,KSKxm{@KqCۊϑ,45.145,141.112,
,϶,ts⑺,45.149,141.511,
B`,¶,KSKB`,45.107,141.83,
Lx,,VSLxLx2,45.61,141.468,
lڕ,,}KSlڕʒNb`Δ,45.75,142.21,
ڕ,Ŷ,}KSڕʒ,44.579,142.168,
k}K,д,}KS}K{@k}KʒnCۊϑ,44.564,142.351,
̓o,,}KS}K̓o,44.505,142.288,
y,,VSyy,45.04,141.511,
,Ŷ,S쒬,44.497,142.46,
Ўq{,Ĳȯ,SЎq{Ўq{,44.436,142.159,
,,S[,44.365,142.177,
[,̶,S[,44.288,142.205,
,,s勴,44.222,142.274,
A,Ƽ̳,sAA,44.177,142.215,
,Ӷ,S쒬쒬,44.177,142.382,
,,S,44.64,142.212,
m,,mʎs,44.112,142.25,
,,mʎs,44.71,142.357,
a,ܯ,Samo,44.17,142.246,
]O,,s]OʒF,43.522,142.156,
z,߯,Szk2,43.522,142.282,
,ж,S쒬h,43.508,142.452,
,˶,s{O1@nCۑ,43.454,142.223,
,˶޼,S쒬k,43.421,142.305,
,н,s쒬,43.442,142.383,
w_,ݷ,S쒬w_R,43.452,142.558,
_y,˶޼,S_y2@qCۊϑ,43.402,142.268,
u,Ų,S_yu,43.386,142.349,
l,޴,Sl5,43.353,142.296,
xǖ,,mSxǖ쒬咬,43.273,142.279,
,۶,Sl,43.285,142.39,
xǖ,,xǖs,43.2,142.24,
[,۸޳,xǖs[sXn,43.181,142.313,
R,,mSxǖ쒬Rn,43.83,142.25,
,,mSxǖ쒬,43.101,142.341,
芥,Ѷ,ES芥,42.587,142.237,
f,Ų,JSyf,44.169,142.97,
y,۶Ų,JSyy,44.06,142.96,
V,ü,VSV,44.536,141.457,
,,VSʒKa,44.431,141.484,
R,,ϑOSRʑR,44.314,141.462,
ĐK,Է޼,ϑOSHyĐKl,44.257,141.253,
Hy,,ϑOSHy3@HyʒnCۊϑ,44.218,141.42,
ÒO,,ϑOSϑOÒO,44.159,141.433,
Bz,,GSBz,44.29,141.514,
G,Ӳ,Gs咬@GʒnCۊϑ,43.567,141.379,
,ϼ,ьSђʊ,43.509,141.306,
yf,Ƕ,Gsyf,43.512,141.456,
lv,Ͻ,Ύslv쉺,43.349,141.232,
c,,Ύscʎ,43.238,141.262,
V,ݼ,ΎSVÑ46k,43.132,141.387,
R,ϸ,DysR,43.89,141.133,
Ύ,,ΎsU,43.116,141.222,
],,]ʎs]ʑ,43.66,141.361,
R,ò,DysR,43.5,141.121,
Dy,,Dysk2𐼁@DyǋCۑ,43.36,141.197,
Dy,,Dysk2,43.36,141.196,
,,Dys揬,42.578,141.13,
b듇,ܼ,bs,42.556,141.339,
x┌Δ,º,Ύsx┌ΉԊOn,42.463,141.244,
,ľ,ΎsX@V΍q󑪌,42.465,141.415,
Ύc,,JScΒ,43.489,141.556,
[,̶,[sߒ,43.431,142.44,
J,ح,JSJ,43.396,141.535,
V,ݼޮ,ʎsV,43.367,142.122,
mg,ּ,ˌSV\Ð쒬g,43.357,141.439,
,,s̐,43.342,141.563,
ԕ,,ԕsL,43.332,142.4,
,,ʎsk2,43.312,142.114,
YP,׳,ˌSYPYP,43.257,141.485,
`,·,ˌS`m,43.198,141.37,
S,޲,SskS,43.218,141.496,
〈,л,〈s5𓌁@〈ʒnCۊϑ,43.127,141.471,
I,ػ,〈sI򒬓{,43.73,141.447,
,Ŷ,[S{k,43.07,141.416,
[,ճ,[s̒JR蒬,43.23,141.574,
,,[sxm,43.48,142.6,
̑,ɻ,[sm,42.576,142.12,
,޸,ϒOSϒOD,43.163,140.338,
_b,ӴŲ,ÉFS_b_b,43.87,140.254,
]s,ֲ,]sS]sLu,43.109,140.455,
M,,Ms[@MʒnCۊϑ,43.109,141.09,
Ԉ,,]sSԈ쑺Ԉ,43.5,140.492,
a,,Say,42.588,140.362,
z,ݺ,JSzz,42.486,140.325,
m,,cSm1𓌁@mʒnCۊϑ,42.54,140.454,
s,,sSsVh@sʒnCۊϑ,42.477,140.134,
jZR,ƾ,cSjZR{c,42.467,140.4,
^,ϯ,cS^둺,42.465,140.528,
Ε,,cSΕʒ,42.476,140.569,
,Ų,sS,42.398,140.186,
Y,,ʌSYY@YʒnCۊϑ,44.348,142.578,
,,ʌS,44.282,143.65,
,Ƽ,ʌS,44.199,142.561,
,,ʎs삪u@ʓʒnCۊϑ,44.207,143.213,
ʏ,ºѶ,ʎs@ʍqCۊϑ,44.182,143.242,
N,ճ,ʌSNʒ,44.128,143.371,
,ɳ,ʌS㒬m㌴5,44.106,143.37,
㑔,,ʎs㑔,44.112,143.201,
C,ĺ,ksC,44.69,144.22,
y,ݶ,ʌSy,44.32,143.324,
C,,CSCԒx,44.11,143.456,
ԑ,޼,ԑs䒬@ԑnCۑ,44.1,144.167,
FoC,,ΗSΗEg,44.31,144.589,
ېz,پ,ʌSyېz,43.571,143.197,
,,ʌSykxN,43.519,143.92,
c,,ʌSyc,43.55,143.319,
mR,ƺ,ksx,43.516,143.448,
k,,ksL,43.466,143.505,
,,ԑS󒬏ʒ@ʍqCۊϑ,43.528,144.98,
,˶޼Ӻ,ԑS󒬓,43.504,144.171,
,н,ΗS,43.505,144.291,
Η,,ΗSΗȋvȓ,43.531,144.42,
A,޼,ksAa,43.445,143.27,
,,CSu˒LZ,43.424,143.386,
y,,ԑSyZ,43.462,144.103,
R,Ͽ,ԑS󒬓ՎR,43.446,144.202,
uˏ팳,,CSu˒팳,43.372,143.264,
Õ,,ԑSÕʒLi,43.421,144.2,
Õʓ,,ԑSÕʒ,43.35,143.519,
P,׳,ڗSPh,44.14,145.112,
,ĸ,WÌSWÒk,43.433,144.593,
W,,WÌSWÒk2,43.397,145.79,
W,м,WÌSWÒW,43.312,144.448,
W,Ŷ,WÌSWÒu,43.326,144.587,
W,Ŷ,WÌSWÒk@WÍqCۊϑ,43.346,144.576,
ʊC,¶,tSʊC㒬,43.229,145.71,
,,sh@ʒnCۊϑ,43.198,145.351,
[z,ɻ,s,43.236,145.455,
,ĺ,s,43.133,145.136,
쓒,,Sq쓒wO,43.37,144.274,
q,ü,Sqq,43.306,144.28,
Δ,ݺ,HsΉ,43.262,144.5,
W,,SWJ^,43.175,144.352,
ߋ,ٲ,Sߋߋ,43.139,144.195,
O,Ŷü,HsOʒ34,43.119,144.85,
H,ĳ,SWH,43.89,144.298,
,Ų,݌Sl13,43.104,144.58,
咬,,݌Sl咬,43.72,145.66,
,,Hs,43.68,144.74,
ߋu,ٵ,Hsߋu@HqCۊϑ,43.24,144.115,
c,,݌Sݒc,43.54,144.467,
,,Hsʒʌ,42.583,143.525,
f,Ƕ,fSf2k,42.582,144.37,
H,,HsK@HnCۑ,42.591,144.226,
mw,Ų,HSHP䑺mw,42.563,144.441,
O,,͓SmyO,43.306,143.89,
,ļ,Sʒʖ{ʓ1,43.353,143.408,
,ظ,Sʒʌ앪,43.281,143.443,
ʂт猹,Ƕ׹ݾݷ,͓Smyʂт猹򋽖k,43.22,143.115,
q,ܸ,S񒬖Ίo,43.217,143.275,
㗆p,,S񒬏㗆p,43.191,143.481,
my,м,͓Smy3,43.145,143.177,
,,S񒬓1,43.146,143.332,
,,S{ʒ,43.69,143.266,
{,,S{ʒV,43.79,143.36,
V,ĸ,SV4,43.46,142.504,
,,͓SǒΒ,43.62,142.597,
,,͓SXk,43.3,143.11,
莺,,͐S莺3,42.54,143.26,
эL,,эLs4@эL,42.553,143.127,
эL,,эLs9,42.545,143.134,
rc,,Src,42.552,143.275,
^,ټ,\SYy^,42.55,143.397,
Yy,,\SYy,42.485,143.394,
эL,۲,эLs򒬐9@эLqCۊϑ,42.44,143.13,
f,ǶŲ,Sʒ܈,42.472,143.197,
D,лŲ,͐SDD1,42.385,143.58,
X,,͐SXʑXʓ2,42.391,143.117,
,,SLÎ,42.412,143.388,
,,LSؒ,42.3,143.164,
L,۵,LSLؒʓ@LʒnCۊϑ,42.176,143.19,
,,ES,42.488,141.497,
^,,ES^,42.438,141.533,
,,ESނ풬,42.457,142.86,
,,ɒBs{,42.402,141.47,
X,,VSVX,42.378,141.148,
Ϗq,Ϻϲ,Ϗqs炩Β@ϏqʒnCۊϑ,42.374,141.328,
,,cSLY,42.354,140.386,
Ή,ĳԺݾ,cSΒΉ,42.339,140.484,
JX,ٽ,oʎsJX,42.31,141.64,
V,׵,VSV,42.326,141.211,
,Ѷ,ESނ풬L,42.354,141.56,
ɒB,,ɒBsَR,42.285,140.509,
o,,oʎsD,42.275,141.71,
,,sR蒬@nCۑ,42.187,140.585,
,޶,S{,42.526,142.265,
mF,ƾ,S撬mF,42.463,142.215,
,,S撬n,42.377,142.236,
,޶,Sxl,42.298,142.32,
Va,,VSVVa,42.326,142.2,
R,,SVЂÓ䉀,42.26,142.289,
Ó,Ų,SVЂÓR蒬,42.206,142.217,
O,²,SVЂOΔa,42.147,142.397,
nP,Ŷȳ,Y͌SY͒nP,42.134,142.569,
Y,׶,Y͌SY͒@Y͓ʒnCۊϑ,42.97,142.466,
ڍ,Ҹ,ySڍ,42.77,143.187,
y,,lSly,42.46,143.21,
,л,ySm,41.555,143.146,
,,RzSh,42.314,140.229,
_,Ը,CS_{,42.151,140.163,
X,,SXP,42.4,140.353,
,,TcSђR,41.586,140.429,
싂,,َs싂,41.543,140.582,
kl,θ,kls{,41.532,140.392,
,ʺ,َs@ْnCۑ,41.49,140.452,
,,َs@ٍqCۊϑ,41.462,140.493,
ˈ䔑,Ĳ,َs,41.43,141.02,
m,س,Sm㗋,41.359,140.225,
،Ó,Ų,S،Ó{,41.408,140.262,
猬,ݹ,OS猬,41.335,140.163,
O,ϴ,OSO,41.254,140.52,
F,ϲ,CS_F΍蒬,42.77,139.591,
,,vSȒI{,42.27,139.511,
,϶,IS,42.257,140.05,
K,,KSK,42.149,139.334,
ĉ,ȵ,KSKĉ@KqCۊϑ,42.43,139.259,
,,uS,42.23,140.53,
G,,wRS򕔒G,41.558,140.187,
],,wRS]W_@]ʒnCۊϑ,41.52,140.74,
΍,޷,wRSm΍,41.42,140.17,
,,kSԒԎT,41.316,140.547,
,ɶ,ނs,41.188,140.574,
ނ,,ނsȁ@ނʒnCۊϑ,41.17,141.126,
c,ɻ,kSʑc򎚒,41.141,141.238,
,,ÌySʒʎ,41.108,140.289,
e,ܷɻ,ނsej,41.87,140.493,
sY,,܏쌴s,41.34,140.208,
Ic,,ÌySOlIckP,41.27,140.38,
܏쌴,޼,܏쌴s,40.485,140.275,
X,,Xsԉ@XnCۑ,40.493,140.461,
aR,,ÌySOqm,40.509,140.591,
Ӓn,ͼ,kSӒnL˒䕽,40.531,141.96,
ZP,ۯ,kSZq,40.531,141.163,
˃P,޶޻,ÌyS˃򒬕˒,40.466,140.123,
XJ,ص,Xs厚JJ@XqCۊϑ,40.44,140.413,
,,kS˒ߎ,40.425,141.77,
[Y,̶,ÌyS[Y厚[Y@[YʒnCۊϑ,40.387,139.559,
x,޹,OOsՖ쎚̑,40.377,140.158,
OO,ۻ,OOsac,40.367,140.273,
,۲,ΎsnK,40.4,140.351,
_P,,Xsr쎚rRLю_,40.389,140.509,
O,л,Os,40.405,141.225,
k,,ÌySk厚IΎ󐣟,40.318,140.333,
,ٶ,sؖÍX,40.309,140.47,
\ac,,\acs\ZԒ,40.364,141.14,
,,ˎsٕ@@˓ʒnCۊϑ,40.316,141.313,
,,ˎsٕ@,40.316,141.313,
P,ض޾,s􃖊ֈ,40.289,140.372,
x,Խ,\acs厚\acΔȋx,40.256,140.539,
˗,ײ,OˌSV厚˗m,40.281,141.106,
O,,OˌSO˒cm,40.23,141.154,
X,,R{SX`RL,40.248,139.569,
,̼޻,R{SՎ嗎,40.192,140.176,
w,,َsw,40.242,140.365,
,̼,pS⒬,40.212,140.468,
\,ɼ,\sΒ,40.119,140.19,
鑃,ɽ,kHcs,40.136,140.223,
,,َso쎚,40.151,140.303,
p,,psԗ֎rc,40.129,140.472,
e_,ܷ,kHcse_Ё@ٔ\qCۊϑ,40.115,140.223,
,վ,psH,40.72,140.504,
,,psFO8L,40.08,140.481,
j^R,޼ݻ,jskY쎚P,39.563,139.469,
j,,jse{e{,39.547,139.54,
劃,,HcS劃劃,40,139.57,
܏,޼ޮ,HcS܏ڒ,39.563,140.69,
m,Ʊ,kHcsm,39.596,140.242,
䗧,Ų,kHcsmKnR,39.542,140.27,
Oؓ,ɷŲ,ksؒOؓ{c,39.487,140.351,
Hc,,HcsR@HcnCۑ,39.43,140.59,
〈O,лŲ,Hcs͕ӎOO쌴,39.424,140.172,
m,,Hcsmʎ}^,39.48,140.13,
Z,۲,kscΒc򎚊Z,39.465,140.399,
c΍,ܺ,kscΐۓx,39.467,140.457,
Ya,ճ,HcsYa֐쎚Rā@HcqCۊϑ,39.369,140.131,
p,,kspْcL̍,39.362,140.334,
c,ܺ,kscΐۓ{̌,39.419,140.439,
吳,޲,HcsYaVg,39.316,140.14,
,϶,slcÓ,39.294,140.297,
{,ݼޮ,R{scp,39.216,140.33,
R,˶޼,R{sRVc,39.183,140.173,
,ֺ,s蒬,39.192,140.333,
ɂ,ƶ,ɂَsYY,39.153,139.548,
,Լ,R{sz,39.141,140.82,
q,Ⱥ,R{sCq썇,39.62,140.176,
,ջ,sJm,39.112,140.278,
,˶޼پ,YScql,39.107,140.389,
̑,,sH̋{̑,38.576,140.317,
s,Ȳ,ˌSm쒬s21n,40.242,141.42,
y,ϲ,ˌSyĒ厚ڑ15n,40.195,141.28,
,,ˎsx쎚n,40.179,141.179,
,,ˌSm쒬,40.169,141.4,
R`,϶,vsR`,40.89,141.343,
v,,vsv24n,40.101,141.449,
r,,sۓc,40.62,141.3,
R,Ŷ,ˌS˒qcq,40.36,141.135,
,Ϸ,S7n,40.24,141.274,
ˍ,ĸ,vsRˍ,40.5,141.427,
,޲,ɌS㑺13n,40.02,141.53,
菼,µ,s,39.571,141.39,
,,S蒬厚15n,39.584,141.1,
D,,sDc,39.521,141.1,
,ܲ,ɌS򒬊򎚒,39.508,141.477,
{,,ɌS򒬏{,39.508,141.578,
c,,SΒ3n,39.466,140.567,
,,sM,39.468,141.58,
,޶,s쎚OR,39.47,141.197,
,޸,SΒ40n犠c,39.418,140.585,
,ص,sR@nCۑ,39.419,141.99,
E,޶,{ÎsE2n,39.39,141.212,
{,Ժ,{ÎsLP艺@{ÓʒnCۊϑ,39.388,141.579,
,ܳ,aSa꒬L4n,39.329,140.506,
g,,gSg,39.328,141.76,
,ܲ,{Îs,39.359,141.409,
L,ֻ,ԊskLRL,39.288,140.581,
Ԋ,Ϸ,Ԋs3n@ԊqCۊϑ,39.257,141.81,
唗,ʻ,Ԋs唗唗13n,39.282,141.167,
n,·ӳ,sn㕍n19n,39.274,141.304,
,,ɌSƒ,39.263,141.484,
Rc,,ɌSRcD}11n,39.27,141.574,
c,,aSa꒬X39n,39.186,140.466,
,ĵ,s蒬24n,39.203,141.326,
,ȶ޻,_SP蒬ѐ,39.135,141.09,
k,,ksF,39.173,141.66,
ė,Ȼ,Bs]hėrc\,39.14,141.186,
,ϲ,Ύs`,39.162,141.527,
,ܶŷ,Bs_q,39.84,141.38,
]h,,Bs]hs,39.11,141.97,
Zc,,CSZccĎ,39.85,141.344,
^,,֎s^,39.07,140.519,
ߐ,Ӷ,Bsߐ쌜c,39.3,141.27,
哌,޲ĳ,֎s哌򎚏m,39.23,141.178,
Dn,,DnsDnԑ@DnʒnCۊϑ,39.38,141.428,
,ɾ,֎s|R,38.56,141.75,
X,,֎sXXk,38.553,141.198,
m,,IsIqkp,38.548,140.497,
C,,CsÒ,38.544,141.334,
,޲,Is܋{,38.483,140.569,
n,,sq򎚖Hc,38.446,140.456,
z,·,Iszٍ,38.441,141.03,
ĎR,,oĎsĎR쎚I,38.376,141.113,
uÐ,޶,{gSOuÐ쎚,38.409,141.269,
,,Sܖ򗉌,38.343,140.436,
Ð,ٶ,sÐ莚x,38.359,140.547,
Y,,ΊsYYY,38.312,141.279,
Px,ж޹,s敟xR,38.244,140.433,
t,,St̕,38.284,140.533,
,޲,sL̉Y,38.276,141.55,
Ί,Ϸ,Ίs򒬁@ΊʒnCۊϑ,38.256,141.179,
,Ŷ,S쒬{P莚{P,38.268,141.27,
V,Ư,stV쎚K,38.182,140.382,
,,}sɕې,38.203,141.08,
,޲,s{ܗց@ǋCۑ,38.157,140.538,
,,sc쌴@q󑪌,38.83,140.55,
,۲,Ύs܎aR,38.09,140.367,
,޵,cS厚򎚓~,38.76,140.408,
j,,jSjc,38.15,140.515,
ېX,,ɋSېXږԊڎRV,37.559,140.467,
M,˯,ɋSېXM᎚ac,37.496,140.437,
,޼,cs򓇎Y,39.11,139.326,
c,,csTP@cʒnCۊϑ,38.545,139.506,
c,,csn^q,38.579,139.599,
,,ŏS^쒬,38.551,140.12,
l,Ŷ,csl@qCۊϑ,38.487,139.472,
R,,ŏSRR{,38.527,140.199,
߉,ٵ,߉sђ,38.441,139.497,
,ض,cS쎚q,38.48,139.584,
V,ݼޮ,VsJnc@VʒnCۊϑ,38.454,140.187,
,,ŏSŏ㒬x,38.453,140.248,
,Ѷ,ŏSŏ㒬,38.455,140.31,
,޷,߉sjrj,38.403,139.509,
I,˼޵,ŏS呠R,38.364,140.98,
ԑ,Ż,ԑsV,38.365,140.247,
lP,Ƚ޶޾,߉slP֎H,38.34,139.331,
r,׻,߉sr򎚎,38.305,139.469,
R,,Rs厚vێ,38.276,140.209,
,˶޼,s厚HVс@R`qCۊϑ,38.247,140.222,
,,RS쒬򎚒,38.234,139.596,
,׻,RS]{[,38.222,140.115,
R`,϶,R`sΒ@R`nCۑ,38.153,140.207,
,Ŷ޲,sR,38.63,140.09,
RR,Ŷ,RsRǉ~,38.7,140.128,
,,uS,38.47,139.441,
,,uSvÎΐ쌴,38.02,140.124,
Ð,Ŷ¶,uSіLq,37.546,139.506,
,,uSіL,37.594,139.572,
đ,Ȼ,đsAJfBA,37.547,140.86,
Β,,sэ⒬Β뎚ꓹ,37.535,140.262,
,Ŷ,ɒBs쒬쎚c,37.511,140.353,
O,,떃SkO扺,37.433,140.35,
,̸,sؒ@nCۑ,37.455,140.282,
,̸,sci,37.461,140.261,
n,,nscܘYEG勴,37.47,140.555,
쑽,,쑽s,37.395,139.518,
hq,ܼ,sy򒬎hqRL,37.401,140.156,
ъ,,nSъڑє󎚊},37.399,140.436,
,,쑊ns捂,37.383,140.59,
,Ƽ,떃SÒ{m,37.353,139.394,
c,ܼ,떃Sc㒬厚c,37.331,140.65,
{,,{sFv,37.35,140.258,
Ó,¼,otSQ]Ó,37.336,140.452,
R,,SR厚쎚,37.284,139.317,
ᏼ,ܶ,Îᏼsޖؒ@ᏼʒnCۊϑ,37.293,139.546,
D,˷,csDDV[@,37.261,140.346,
Q],д,otSQ]厚Ykm,37.295,140.579,
,,ÌS,37.206,139.188,
Γ,,SRsΓ쒬ǎƘV,37.233,140.54,
SR,,SRsϒcێR,37.221,140.198,
,ܳ,otSR,37.202,140.485,
x,е,otSxl,37.208,141.1,
싽,ݺ޳,ÌSÒEؕ,37.159,139.322,
{,,␣SVhcǔ,37.166,140.38,
,Ŷ,{sK,37.173,140.131,
ʐ,϶,ΐSʐ쑺厚k{͂΂c@qCۊϑ,37.136,140.256,
V,Ʋ,cS쒬Vډ,37.172,140.375,
O,ϴ,킫sOvۓc,37.148,140.434,
L,,otSL쒬kJn,37.14,141,
c,,ÌSÒc,37.124,139.477,
,׶,͎ss@͓ʒnCۊϑ,37.79,140.129,
ΐ,,ΐSΐ쒬o{{,37.88,140.276,
O},ɴ,ÌSw}򑺎͌,37.06,139.225,
ڊ,ò,ÌSÒˌ,37.55,139.319,
,,킫sDԒVc{,37.39,140.526,
,˶޼׶,S厚Έ䎚Vc,36.563,140.245,
Rc,,킫sRcJ,36.56,140.44,
l,,킫slD@lʒnCۊϑ,36.568,140.542,
l,,킫sl匴F,36.578,140.53,
ԉ,ſ,ksؐ쒬ԉ,36.521,140.382,
k,׷,ks֓쒬֖{,36.5,140.463,
q,޲,vSqq,36.467,140.207,
c,ĸ,헤csc,36.467,140.289,
\,ɳ,s\,36.446,140.356,
헤{,,헤{s㏬,36.364,140.195,
,Ŷ,헤cs쒬,36.309,140.284,
,,s,36.348,140.387,
,޲,}s,36.2,140.2,
},,}Ԏsc,36.237,140.144,
,,ˎs@˒nCۑ,36.228,140.28,
É,,É͎sk,36.121,139.43,
,,}sΓc,36.169,139.593,
`,,Ήs`,36.14,140.113,
엢,,ʎs,36.142,140.195,
,,Ȏs{I,36.101,139.567,
gc,κ,gcs[,36.101,140.316,
Ⓦ,޳,Ⓦsӓc,36.21,139.536,
,¸,Ύs@wCۑ,36.34,140.75,
yY,,yYsؓc],36.62,140.132,
]ˍ,޻,~s]ˍb,35.576,140.192,
,,sR,35.578,140.373,
P,ح޻,Ps哿,35.534,140.127,
ߐ{,Ž,ߐ{Sߐ{哇,37.74,140.21,
܏\,,s܏\x,36.553,139.417,
,۲,ߐ{s,36.589,140.11,
yC,,syC,36.535,139.341,
c,,csFc,36.504,140.21,
,Ư,s{K@ʒnCۊϑ,36.443,139.3,
s,ϲ,s,36.436,139.406,
J,,JSJ厚c,36.454,139.53,
,,s,36.388,139.269,
,Ȼ,JS򒬏㍂̌,36.364,139.599,
ߐ{GR,Ž׽,ߐ{GRsXcO,36.385,140.7,
,,s,36.355,139.441,
Fs{,,Fs{sۖ쒬@Fs{nCۑ,36.329,139.521,
,޳,sL㒬,36.259,139.354,
^,ӵ,^sĒJ,36.286,139.592,
,,sw,36.205,139.277,
,,sc,36.218,139.342,
Ȗ,,Ȗ؎s䒬,36.224,139.422,
R,,Rso,36.203,139.498,
,̼,S݂Ȃݒq,36.518,139.35,
݂Ȃ,Ŷ,S݂Ȃݒ,36.464,138.579,
Еi,,SЕic,36.463,139.143,
,,ȌSÒ,36.37,138.355,
c,,csy㒬,36.401,139.13,
V,Ŷɼޮ,ȌSV𒬈ɐ,36.352,138.51,
c,,ȌSڗc,36.278,138.278,
YR,Ż,sYΒmb,36.283,138.524,
O,ϴ޼,Osa@OnCۑ,36.243,139.36,
O,ϴ޼,OsВ,36.232,139.23,
ۍ,,ːsۍ,36.301,139.17,
ː,ح,ːsh,36.246,139.195,
㗢,л,s㗢,36.226,138.537,
ɐ,,ɐs{q,36.199,139.99,
q,ƼϷ,ÊySmcq,36.147,138.424,
,̼޵,s,36.145,139.42,
ٗ,Լ,ٗюsxm,36.144,139.308,
_,,S_厚c䓹,36.65,138.538,
,ز,嗢S񋏒厚܌,36.63,139.11,
FJ,϶,FJs@FJnCۑ,36.9,139.228,
gc,ּ,sgc,36.32,138.588,
,ɽ,s,36.39,139.313,
v,,vsZ,36.52,139.381,
O,,sO,35.556,138.554,
,,s㒬@ʒnCۊϑ,35.594,139.44,
YR,,sYR,35.552,139.42,
Ƃ,ķ,SƂ풬厚쎚{V,35.594,139.124,
R,,SR厚ԏ,35.591,139.201,
є\,ɳ,є\s,35.503,139.193,
,,܎s厚h,35.525,139.352,
zJ,,zJs厚kJ,35.53,139.454,
,ĺۻ,sy,35.464,139.248,
͓,޳,S,35.475,139.3,
,,Sw,35.441,139.74,
~,,~sV,35.473,139.187,
n,,nΐ_,35.443,139.355,
q,,qs{,35.4,139.19,
{,,{sK,35.41,139.29,
cJ,,cJ扪{,35.376,139.372,
,ĳ,ck̊ی@ǋCۑ,35.415,139.45,
,ĳ,ck̊ی,35.415,139.451,
]ːՊC,޶ݶ,]ːՊC,35.383,139.518,
Hc,,cHc`@qnCۑ,35.332,139.468,
哇,,哇Ƃ̏@哇ʒnCۊϑ,34.449,139.217,
哇kmR,Ϸ,哇k̎R@哇qCۊϑ,34.469,139.216,
,ļ,,34.317,139.169,
V,Ʋ,V쌴@VqCۊϑ,34.221,139.161,
_Ó,޼,_Ó@_ÓqCۊϑ,34.113,139.8,
O,Թ,O_@OʒnCۊϑ,34.74,139.312,
Oؓc,Թ,Oؓc@OqCۊϑ,34.44,139.336,
d,Դж,䓇䒬ꋽ@䓇qCۊϑ,33.69,139.471,
䓇,ޮ,䓇䒬ꋽ@䓇ʒnCۊϑ,33.73,139.467,
䓇,ޮ,䓇䒬ꋽ,33.62,139.47,
,޼,,32.28,139.456,
,,}@Cۊϑ,27.55,142.114,
꓇,ʼ,}꓇]c,26.381,142.97,
쒹,ؼ,}쒹@쒹Cۊϑ,24.173,153.59,
xmR,̼޻,xm{sxmR@xmRʒnCۊϑ,35.216,138.436,
䑷q,޺,䑷qsVؖ,35.518,140.66,
,,s卪,35.515,140.301,
,ĳɼ,S,35.477,140.409,
D,޼,Ds~,35.427,140.26,
q,,qsp~O,35.437,140.127,
c,,csÍO@cqnCۑ,35.458,140.231,
q,,qs@qnCۑ,35.443,140.514,
Ō,ֺ˶,RSŌ{,35.393,140.303,
t,,ts撆`@tʒnCۊϑ,35.361,140.62,
Ό,,Όst,35.262,140.176,
؍X,,؍XÎs,35.217,139.564,
v,,ssđ,35.238,140.89,
┨,,NÎs┨,35.141,140.59,
命,,΋S命쒬,35.151,140.129,
,,[S쒬Z,35.73,139.502,
,Ӷ,s,35.67,140.6,
Y,³,Ysn@YʒnCۊϑ,35.9,140.187,
َR,,َRs{@َRʒnCۊϑ,34.592,139.519,
͌,к,͌s΋^,35.368,139.116,
͌,,͌s撆,35.343,139.222,
g,ּ,ls`kg,35.331,139.39,
O,ݻܺ,SRk_c,35.246,139.26,
CV,,CVsVc,35.26,139.232,
l,ֺ,lsR蒬@lnCۑ,35.263,139.391,
,¶,ˎs,35.207,139.183,
ғ,¼޳,sғC,35.192,139.27,
,ʺ,Sm,35.133,139.25,
c,,cs,35.166,139.93,
OY,г,OYs{c,35.107,139.378,
򉷐,ɻܵݾ,S򉷐򑺑厚L쌴,36.547,138.265,
MZ,,㐅SMZێR,36.485,138.118,
юR,,юRs厚юR哹,36.525,138.225,
J,,k܌SJ厚y,36.493,137.558,
n,ʸ,k܌Snk,36.419,137.517,
S,Ż,sS,36.413,137.579,
,Ŷ,s@nCۑ,36.397,138.115,
}x,޹,㍂SR厚RcRc,36.399,138.275,
咬,,咬s咬,36.314,137.499,
MBV,ݼ,sMBVqc,36.329,137.598,
,޲,cs,36.319,138.195,
,˼غ,}SёnR,36.292,138.41,
c,,cs×,36.24,138.159,
䍂,,ܖs䍂,36.206,137.529,
,ĳ,sV,36.23,138.23,
y,ٲ,kvSy򒬑厚Ǖ@yʒnCۊϑ,36.205,138.328,
y,ٲ,kvSy򒬑厚q,36.201,138.338,
㍂n,к,{s܏㍂nL,36.149,137.38,
{,,{s򑺁@{ʒnCۊϑ,36.148,137.582,
{,Ĳϲ,{s厚`@{qCۊϑ,36.1,137.553,
,,cs,36.181,138.82,
,ü,kvSȒc,36.163,138.188,
v,,vs,36.148,138.286,
,׶޺,skR,36.63,138.137,
ސ,Ŷ,{sސ,36.53,137.41,
zK,,zKsΊݒʂ@zKʒnCۊϑ,36.27,138.65,
zK,,zKs,36.24,138.61,
k,,썲vSkؑu,36.43,138.367,
Jc,޺,ؑ]Sؑ]Jc,35.563,137.361,
ؑc,,ؑ]Sؑc,35.562,137.472,
C,,ɓߌSC쒬,35.59,137.59,
,ĵ,ɓߎs,35.572,138.65,
,,zKS,35.582,138.132,
ӎR,,썲vSqӎR,35.569,138.283,
ԎR,,ؑ]SꑺxL,35.523,137.302,
ؑ],̸,ؑ]Sؑ],35.504,137.413,
ɓ,,ɓߎsVc,35.495,137.573,
{c,޺,ɓߌS{c,35.464,137.531,
,޼,ɓߎsJ,35.436,138.56,
{,,ؑ]SK{a,35.419,137.415,
ؑ],ŷ޿,ؑ]Sؑ]Ǐ,35.366,137.372,
ѓ,,ɓߌSѓv,35.392,137.539,
厭,,ɓߌS厭͌,35.334,138.24,
ѓc,,ѓcsH@ѓcʒnCۊϑ,35.314,137.493,
Q,б,ɓߌSqQ,35.224,137.415,
,,ɓߌS쒬,35.188,137.487,
MZ,м,ѓcsMZac쐣,35.193,137.559,
,,kms򒬒J,35.517,138.232,
,Һ,Rsqu,35.484,138.393,
B,׻,Bs呐,35.416,138.269,
b{,,b{sѓc@b{nCۑ,35.4,138.332,
,,bBs,35.398,138.435,
匎,·,匎s匎,35.365,138.563,
쌴,,쌴s,35.372,139.63,
xm,̼޶,싐Sxm쒬ŏ,35.337,138.269,
Ê,پ,b{sÊ֒,35.317,138.369,
ؐ,ز,싐Sgؐ,35.28,138.265,
͌,ܸ,sSxm͌ΒDÁ@͌ΓʒnCۊϑ,35.3,138.456,
R,Ŷ,sSRΑR,35.262,138.502,
암,,싐S암암,35.173,138.267,
,ײ,xm{s,35.187,138.347,
,,És,35.13,138.133,
L,ĳ,ÉsL,35.124,138.221,
a,,as,35.183,138.556,
xm,̼,xms,35.111,138.398,
O,м,Os{@OʒnCۊϑ,35.68,138.555,
MCɓR,в޻,ÉMCsɓR,35.69,139.5,
v,,lsV捲vԒY,35.34,137.457,
t,,lsVt쒬ܘa,35.07,137.567,
썪{,,YS썪{c,35.61,138.77,
,ޱ,És挮,35.29,138.148,
,н,És拻Ò,35.32,138.313,
ԑ,,MCsԑ@ԑʒnCۊϑ,35.27,139.55,
F,,lsVF,34.575,137.44,
R,Ȼ,}s˒J,34.585,138.118,
É,޵,Ésx͋ȋ@ÉnCۑ,34.585,138.242,
O,Я,lskOO,34.481,137.334,
V,ح,lsVD,34.534,137.488,
Oq,и,qSXOq,34.537,137.564,
y,Ĳ,ɓsc,34.526,138.457,
P,ն޼,ɓssR,34.54,138.555,
VR,Ϸ޻,ɓsVR,34.523,139.14,
l,,ls捂u@lʒnCۊϑ,34.452,137.427,
|,,|sJ,34.461,137.597,
eqV,Ϸ,esq,34.471,138.83,
É`,޵,qVs@ÉqCۊϑ,34.477,138.113,
,»޷,ΌS蒬],34.453,138.47,
,,ΌSɓ,34.469,139.29,
֓c,,֓cs쓇,34.415,137.528,
O,ϴ޷,OsO@OʒnCۊϑ,34.362,138.128,
ΘL,۳޷,ΌSɓΘLΎR@ΘLʒnCۊϑ,34.362,138.505,
{,,{sH쎚ғc,35.179,136.512,
,,s]쌴,35.13,136.419,
,,Lcs㕽,35.137,137.171,
,,LcsX\KGg,35.127,137.304,
PR,,k݊ySL厚Fꎚ䏊,35.132,137.396,
I],ƴ,CSI]I]{Nm,35.82,136.475,
É,ź,Ésa@ÉnCۑ,35.1,136.579,
Lc,,LcsR,35.79,137.106,
,޳,LcsLc,35.47,137.248,
{,,{sX,34.597,136.566,
,޷,sn,34.551,137.116,
,¸,Vs荂،ˌ,34.586,137.255,
V,ݼ,Vsx򎚍L,34.544,137.311,
ZgA,ڱ,튊sZgA@qnCۑ,34.515,136.483,
F,,sFFɓߌ,34.487,137.17,
S,Ϻ޵,Ss_m㖼,34.507,137.13,
m,,mSm厚Lul,34.444,136.563,
L,ʼ,Ls_Vcm,34.45,137.205,
ɗǌ,׺,cs]ܘY@ɗǌΓʒnCۊϑ,34.377,137.56,
c,,cs,34.376,137.133,
͍,ܲ,ˎs͍p,36.183,137.6,
_,е,ˎs_a,36.193,137.185,
,׶,S쑺Jk,36.164,136.538,
Ȕ,,Rsˉ򋽍,36.149,137.302,
,,S쑺q,36.88,136.545,
,,RsJ,36.108,137.27,
R,,Rsː@RʒnCۊϑ,36.93,137.152,
O,ƭ,RsO쒬Zc,36.112,137.223,
Ђ邪,ٶ,SshЂ邪,36.06,136.536,
ZX,,Rs쒬ZX,36.36,137.21,
DR,,RsvX쒬,36.21,137.156,
{VO,ϴ,Rs{VO,36.09,137.233,
,Ŷ,SsꎚO,35.554,136.499,
,ʷ,CsH,35.533,137.124,
֎s,,֎s,35.434,136.47,
,,SscK,35.454,136.587,
{n,Լ,Cs{n,35.458,137.173,
M,,{s_,35.383,136.361,
R,,CsRDn,35.397,137.96,
tm,¹,Ðstm,35.397,137.256,
Z,,ZsO쒆쌴,35.333,136.546,
,,ΌSSÒJ,35.309,137.138,
,۶,ΌS쒬,35.359,137.191,
K,޶,KSK쒬O,35.291,136.34,
Z,ɶ,ZΎs,35.267,137.03,
b,,bߎsic哴,35.268,137.242,
Ð,Ŷ¶,Ðs,35.286,137.292,
փP,,sjSփPփP,35.218,136.28,
_,޷,_sѐX,35.208,136.372,
,,򕌎s[Vہ@򕌒nCۑ,35.24,136.457,
,,sPu,35.208,137.65,
Β,в,_sΒÒV,35.148,136.275,
k,θ,Ȃ׎sk,35.86,136.323,
K,,Ks厚]ꎚ,35.3,136.416,
ls,֯,lssi@lsʒnCۊϑ,34.564,136.348,
TR,,TRs֐,34.522,136.272,
,,ɉs΃Pu{@ʒnCۊϑ,34.457,136.85,
}R,,Îs匴,34.435,136.185,
,,Îs蒬@ÒnCۑ,34.44,136.311,
,,ÎsL,34.433,136.315,
,,sV1Ԓ,34.376,136.65,
R,ʸ,ÎsRƏ,34.375,136.193,
,,ɐs,34.317,136.399,
,,sѓ쒬,34.269,136.234,
H,,HsH,34.289,136.495,
⓻,̼޻ĳ,xSIi͓,34.194,136.293,
ɐ,в,xSɐDz,34.207,136.409,
,,usbꎚ,34.185,136.524,
{,Զ,CS䒬v,34.167,136.125,
Iɒ,Ŷ޼,kKSIk,34.125,136.196,
h,ܾ,hsz@hʒnCۊϑ,34.41,136.116,
FV,ɱ,FsV,33.559,136.83,
l,,어KSl厚,33.511,135.588,
,ܼ,DSYY,38.279,139.152,
e,ʼ޷޷,nsh莚e,38.198,138.307,
,,s,38.198,139.362,
,׶,sOV,38.136,139.287,
O,е,ss,38.148,139.363,
,,nsOڐVl@ʒnCۊϑ,38.17,138.144,
,خ,nsÖ,38.44,138.264,
,Ŷޮ,ٓs,38.46,139.233,
,Ӿ,DS֐쑺,38.55,139.338,
V,Ʋ,Vs璬@VnCۑ,37.536,139.11,
V,Ʋ,Vs揗r,37.533,139.29,
l,,Vs揼l@VqCۊϑ,37.573,139.67,
H,,nsHΖ{,37.505,138.188,
V,Ʋ,VsHt揬ˏg,37.475,139.52,
Z,ˮ,szKO,37.5,139.142,
ԒJ,,VcsԒJh,37.501,139.249,
,Ϸ,Vs抪b,37.461,138.548,
,,s̊,37.384,138.46,
O,ݼޮ,Os,37.384,138.573,
,,ܐs,37.418,139.113,
Ð,¶,S꒬Ð,37.403,139.268,
{,ض,Ύs{,37.348,139.84,
J,,S꒬_J,37.33,139.222,
,Ŷ޵,sΒ,37.27,138.494,
Ȕ,,sȔ咬,37.285,138.595,
,ܻ޷,s钬,37.211,138.332,
,,s,37.208,139.26,
劃,,zs劃yl,37.135,138.195,
,,sV,37.175,138.421,
o,,s,37.136,138.578,
哒,,sܗ,37.123,139.37,
c,,zs蒬@cʒnCۊϑ,37.64,138.148,
,Խ޶,zsˋac,37.64,138.274,
J,,zsgJ{c,37.12,138.31,
,޲,\s,37.79,138.364,
\,ĵ,\s򎚖k,37.86,138.436,
,Ĳ,s,37.26,137.525,
\,ɳ,s厚,37.5,138.14,
,޳,zsq擛,37.18,138.206,
,,싛s,37.23,138.508,
֎R,,s厚֎Rc,36.56,138.133,
Ó,,SÓ쒬[,36.598,138.41,
,ջ,싛S򒬓򎚒쌴,36.565,138.486,
,ײ,sRVV,36.532,137.518,
M{,,s厚M{,36.534,138.165,
,,VSے,36.562,137.338,
X,,Xs,36.518,136.576,
,,ÎsZY,36.493,137.257,
Fތ,޷,sFތR,36.508,137.334,
,̼,s،Í{@ؓʒnCۊϑ,36.475,137.33,
xR,,xRs΍@xRnCۑ,36.425,137.121,
vg,,vgsܘY,36.366,136.573,
H,޼,xRsH@xRqCۊϑ,36.389,137.112,
R,,xRsԍ,36.365,137.17,
s,в,VSs,36.402,137.254,
v{,,vs{,36.327,136.523,
,µ,xRs~,36.342,137.95,
R,ϱ,VSR,36.346,137.231,
܉ӎR,޶,vs̕,36.258,136.565,
J,,xRsJ,36.284,137.142,
F,,Fs@@,37.268,137.172,
֓,ܼ,֓sPc@֓ʒnCۊϑ,37.234,136.537,
O,ݾ,֓sOk,37.157,136.437,
O,в,֓sO䒬Fq@\oqCۊϑ,37.176,136.577,
u,,HSu꒬x̉ƒb,37.86,136.435,
,ŵ,ss43̕,37.18,136.595,
H,ʸ,Hs,36.536,136.466,
ق,θ,قsp,36.427,136.415,
Bu,γ¼н,HSBu؎R,36.473,136.461,
,Ż,sO@nCۑ,36.353,136.38,
㉤R,,s{,36.312,136.447,
,,s],36.229,136.261,
R͓,ʸݶ,Rs͓,36.238,136.372,
ꐛJ,޽,sR򐛒J,36.138,136.217,
R,ʸݼ,Rs,36.108,136.375,
wq,͸׼,֓sCmwq,37.51,136.551,
O,и,sOR,36.146,136.104,
t],ٴ,st]]@qCۊϑ,36.85,136.134,
zU,,sq,36.07,135.594,
,̸,sL@nCۑ,36.33,136.133,
R,,sR,35.599,136.215,
R,,Rs򎛒86k,36.23,136.313,
,,zOs,35.543,136.104,
,,s93֒ˎl,35.583,136.298,
㓪,ح,sLM,35.545,136.401,
,ϼޮ,SzO,35.46,136.12,
։,ٶ,։sh@։ʒnCۊϑ,35.392,136.37,
l,,OSlvXq,35.36,135.55,
,,ьS{,35.288,135.37,
l,,ls~,35.29,135.469,
P,Ŷ޾,ls]P,35.349,136.113,
,,sÒO,35.247,136.17,
l,Ŷ,ls,35.254,136.145,
ؕ,·,sؕ,35.185,135.498,
Č,ϲ,ČsK,35.23,136.206,
쏬,к,Îs쏬,35.141,135.574,
F,˺,Fs钬@FnCۑ,35.165,136.146,
ߍ],,ߍ]syc,35.76,136.55,
ߍ],˶޼,ߍ]s쓌,35.37,136.114,
,,ÎsY,34.595,135.547,
My,׷,bsMyq,34.548,136.48,
yR,,bsyRkyR,34.563,136.167,
Ԑl,,OsO㒬ԐlVM,35.442,135.52,
R,,OsRrR,35.371,135.43,
{,,{Îsi,35.33,135.141,
Y,,mRs,35.251,135.52,
,ϲ,ߎs@ߓʒnCۊϑ,35.27,135.19,
r,,sr񒬒K,35.229,135.272,
mR,̸,mRsr,35.187,135.68,
Oa,,mRsOa瑩,35.13,135.139,
R,϶,sRR,35.178,135.189,
{,ݼޮ,DSOg{,35.156,135.237,
R,,OsRÌO,35.165,135.33,
{m,,DSOgxc,35.106,135.252,
,,Osc,35.65,135.273,
k,θ,ssE拞k]@J,35.109,135.397,
s,,ss搼m}a@snCۑ,35.08,135.439,
s,,ss搼mD˒,35.07,135.441,
,Ŷ޵,s,34.558,135.407,
c,,cӎsdl,34.498,135.456,
\,ɾ,L\S\n,34.569,135.273,
,׷,؎s厚K,34.516,135.336,
,׶,su,34.485,135.403,
L,Ŷ,Lsur@qCۊϑ,34.47,135.263,
,,sO@ǋCۑ,34.409,135.311,
,,s擌{,34.405,135.328,
R,,sR蒬,34.405,135.406,
,,sS㒹[_,34.333,135.291,
,Ե,s`@qCۊϑ,34.358,135.36,
֋,ݸ,ScKB`@֐qnCۑ,34.26,135.139,
͓,Ŷ,͓s,34.254,135.326,
F,,SF撬㐼,34.231,135.21,
Z,,SZX,35.375,134.376,
,ݾ,SV򒬋ˉ,35.317,134.288,
L,ֵ,Ls@LʒnCۊϑ,35.321,134.493,
ea썂,ɺ,Shp,35.259,134.35,
剮,,{s剮RH,35.199,134.399,
,ֳ,{s,35.239,134.444,
acR,,sacRc,35.194,134.509,
,,s쒬J,35.1,134.475,
,,Ogs,35.82,135.39,
p,ֳ,pSp~,35.1,134.221,
{,,s{s,35.58,134.351,
,̸,_S蒬V,34.57,134.449,
e,Ƽܷ,es䉄,34.599,134.598,
,¶,OgRs,35.15,135.176,
S,к޵,ԕSS^,34.515,134.224,
PH,Ҽ,PHs_qO@PHʒnCۊϑ,34.503,134.402,
Oc,,Ocs[c,34.537,135.127,
O,з,O؎suL,34.466,135.08,
{,Ƽ,{s,34.45,135.201,
Ɠ,,PHsƓ^Y䎺,34.403,134.316,
,,Ύs񌩒,34.412,134.526,
_ˋ`,޸,_ˎs_ˋ`@_ˍqCۊϑ,34.379,135.134,
_,,_ˎselCݒʁ@_˒nCۑ,34.418,135.127,
_,,_ˎs`,34.409,135.132,
S,ݹ,WHs,34.28,134.509,
F{,,F{s،ˁ@F{ʒnCۊϑ,34.186,134.509,
W,,삠킶s,34.131,134.432,
ޗ,,ޗǎsI@ޗǒnCۑ,34.404,135.502,
ޗ,,ޗǎsI,34.404,135.499,
j,,ޗǎssVFc,34.363,135.571,
c{,,Sc{,34.333,135.471,
],,FɌS]ǘH,34.313,136.95,
,׷,s,34.293,135.422,
F,,FɎsFɉ|,34.293,135.559,
ܞ,޼ޮ,ܞsOݒ,34.228,135.438,
g,ּ,gSg쒬{,34.227,135.54,
V,ݶ,gSV쑺厚,34.162,135.53,
kR,з,gSkR,34.82,136.03,
,,gS\Ð쑺,34.27,135.472,
kR,ӷ,gSkRc,34.02,135.58,
,޶,gS\Ð쑺厚,33.572,135.514,
R,׷޻,I̐sؔ,34.208,135.262,
炬,׷,ɓsS炬,34.186,135.317,
FP,Ӷ޼,a̎RsσP,34.168,134.599,
a̎R,ܶ,a̎RsjŒ@a̎RnCۑ,34.137,135.98,
a̎R,ܶ,a̎RsjŒ,34.137,135.98,
R,Ի,ɓsS쒬R,34.133,135.354,
,ձ,LcS󒬓,34.21,135.109,
,н,LcSLc쒬,34.52,135.255,
얀dR,ݻ,cӎs__,34.24,135.34,
_,ح,cӎs_m,33.567,135.334,
,,S쒬a,33.536,135.13,
{{,ݸ޳,cӎs{{{{,33.502,135.464,
I,ؽ,cӎsӘHI,33.475,135.308,
V{,ݸ޳,V{s,33.412,135.582,
Il,ݷ,KSl@IlqCۊϑ,33.397,135.218,
,Ƽ,KSÍ쒬,33.383,135.426,
F,۶,KSߒqY,33.405,135.509,
u,˷,KSl,33.363,135.288,
,л,KS{@ʒnCۊϑ,33.27,135.454,
㒷c,Ŷ,^sfR㒷c,35.178,133.435,
,,ϓcS쒬֌,35.18,133.592,
牮,,Vs牮,35.62,133.261,
x,,ϓcS쒬xJ,35.107,133.483,
ދ`,ŷ,cSދ`rr,35.67,134.102,
,ϵ,s,35.59,134.195,
v,,^s,35.41,133.452,
ÎR,,ÎRsѓc@ÎRʒnCۊϑ,35.38,134.05,
V,Ʋ,Vs̉,34.566,133.311,
핔,ӱ޴,^s핔,34.579,133.377,
,Ƽ,vČS璬,34.577,133.487,
Ԕ,,Ԕ֎s{,34.551,134.49,
wR,,swR,34.497,133.314,
g,,Sgk,34.49,133.423,
n,̸,Rsk挚n,34.52,133.542,
aC,ܹ,aCSaCgc,34.489,134.11,
,ʼ,sߎ,34.475,133.366,
,,Rsk@RqCۊϑ,34.454,133.513,
,,䌴sF䒬,34.411,133.267,
|,Զ,cS|O,34.37,133.371,
R,,RskÓ@RnCۑ,34.411,133.555,
R,,Rsk扺Έ,34.396,133.549,
,Ѽ,˓sWv,34.409,134.124,
q~,׼,q~s,34.354,133.461,
},,}sJug,34.301,133.297,
ʖ,,ʖsF,34.292,133.57,
,,s쒬Vs,35.2,132.541,
R,޳,s钬O,35.34,133.113,
Nc,,OsNcCcsJ,34.557,132.498,
O,ּ,OsO,34.487,132.51,
,,s{,34.516,133.14,
,ĳޮ,s钬쓌,34.537,133.166,
,,RSkL,34.425,132.104,
咩,,RSkL咩,34.461,132.278,
y,,|csyc,34.433,132.393,
,շ,_ΌS_΍cɃmJ,34.458,133.167,
,,RSkL׌,34.419,132.187,
v,,RS|cv_c,34.366,132.192,
su,¼,RSkLsu,34.388,132.266,
bc,,|csbcc,34.417,132.456,
㉺,ޮ,{s㉺㉺,34.416,133.7,
R,,RS|c厚쎚쓌,34.358,132.106,
O,в,LskO,34.327,132.318,
h,,LsLhh,34.34,132.503,
,,S厚_莚c,34.35,133.3,
{,,{sy,34.337,133.139,
,շ,Ls擒厚ac{,34.299,132.174,
ua,,Lsuauax,34.299,132.396,
L,˶޼ۼ,Ls{,34.25,132.42,
{,ݺ޳,Os{P@LqCۊϑ,34.261,132.551,
R,̸,Rsi@RʒnCۊϑ,34.268,133.148,
sÓc,¶,ssÓc,34.219,132.114,
L,ۼ,Ls㔪x@LnCۑ,34.239,132.277,
L,ۼ,Ls㔪x,34.239,132.278,
|,,|sCY,34.198,132.589,
,,s˓c䎛,34.167,133.74,
|,,|s,34.133,132.132,
,,s󒬁@ʒnCۊϑ,34.144,132.33,
q,ʼ,sq{,34.55,132.293,
s,ڼ϶,sYOY,34.99,132.449,
,޳,BSB̓m@ʒnCۊϑ,36.122,133.2,
,޳л,BSB̓@BqCۊϑ,36.107,133.194,
Cm,,BSCmCm,36.58,133.58,
,,]sɖ{,35.312,132.59,
,˶,o_s쒬F@o_qCۊϑ,35.248,132.534,
],´,]sÓc@]nCۑ,35.274,133.39,
o_,,o_sn,35.199,132.438,
哌,޲ĳ,_s哌p,35.191,132.579,
,ʸ,sꗢ,35.21,133.164,
c,,o_scC,35.133,132.434,
c,,cscc,35.114,132.298,
|,,_s||,35.118,132.489,
c,ֺ,mSo_,35.104,133.62,
,̸,csÒ,35.42,132.2,
Ԗ,,ѐΌSѓ쒬Ԗ,35.01,132.427,
],״,]Îs],34.572,132.2,
{,,WqS{{,34.586,132.295,
lc,,lcsҒ@lcʒnCۊϑ,34.538,132.42,
,н,WqSW쒬,34.512,132.318,
O,н,lcsO͓,34.477,131.569,
h,Ի,lcsh{,34.466,132.65,
g,ʻ,lcs钬g,34.468,132.118,
,,vcsc@ΌqCۊϑ,34.405,131.474,
vc,Ͻ,vcsڂ̓,34.406,131.506,
C,˷,vcsCC,34.343,132.1,
Øa,,SØa쒬X,34.277,131.462,
g,ּ,Sg꒬s,34.235,131.536,
,,`s{@ʒnCۊϑ,35.326,133.141,
,,SR,35.314,133.34,
J,,sJJ,35.312,133.598,
ΎR,,sΎR@qCۊϑ,35.318,134.99,
,ܲ,SFOc,35.335,134.216,
Ďq,ź,ĎqsJ@ĎqʒnCۊϑ,35.26,133.203,
qg,ּ,qgsˎG,35.284,133.503,
,,s쒬͓,35.248,134.1,
,į,sg@nCۑ,35.292,134.143,
R,޲,SRR̍,35.236,133.322,
֋,,qgs֋,35.227,133.454,
,,s,35.197,134.68,
,ܶ,S厚吆,35.2,134.243,
],,S]{],35.173,133.29,
q,,Sqq,35.158,134.144,
,,S쒬Wtc,35.112,133.138,
rc,,ODsrcV},34.14,133.477,
,޷,nsR,34.24,134.94,
,ĸ,sa@nCۑ,34.4,134.344,
,ĸ,sa,34.4,134.343,
c,,nS邬cK,33.594,134.22,
,ޮ,ODscJ,33.52,133.542,
,̸ױ,YS㏟厚,33.527,134.233,
c,,s֒c,33.502,134.445,
ؓ,ĳ,߉S߉꒬ؓacVm,33.463,134.119,
a,ܻ,CSgaY,33.439,134.323,
Cz,ֳ,CSCzlJ,33.367,134.213,
C,,Sb,34.283,134.164,
,,sΒ@nCۑ,34.191,134.32,
x,,xSxÒƒ@xÓʒnCۊϑ,34.165,133.451,
{,,̌S쒬{Rc,34.142,133.554,
,,s쒬R@qCۊϑ,34.128,134.09,
c,˹,s,34.128,134.244,
c,,OLscc,34.72,133.463,
R,ح,nsnq,34.68,134.3,
O,м,sO{Yn,34.15,133.04,
ʐ,϶,sʐ쒬Onb,34.11,132.564,
,,sRH,34.32,132.585,
,ޮ,sz,33.549,133.48,
Vl,Ʋ,VlsD؍b,33.562,133.203,
l,,lsȒ,33.589,133.349,
x,л,lsxR,33.549,133.306,
R,,Rskc@RnCۑ,33.506,132.466,
R,,RsK,33.501,132.476,
Rgc,ּ,Rsgc@RqCۊϑ,33.496,132.419,
,Լ,sэb,33.443,132.534,
A,ޮޭ,sVnL,33.477,133.79,
l,Ŷ,Fslb,33.37,132.288,
R,Ŷ,ɗ\sRRN,33.383,132.425,
v,,㕂Sv,33.398,132.537,
F,,FstJb,33.305,132.321,
qz,޴ĳ,쑽Sq{,33.326,132.499,
,,FaSɕ,33.268,132.154,
l,,lsܔc,33.269,132.26,
Fa,,\sFa_,33.22,132.302,
Fa,ܼ,FasZg@FaʒnCۊϑ,33.136,132.331,
߉i,Ŷ,kFaSSk߉i,33.152,132.405,
䑑,м,FaS쒬䑑,32.578,132.342,
{,ݶ,S̒emR,33.459,133.203,
{R,,S{R{R,33.452,133.345,
r,,Sm쒬yb,33.364,133.102,
ɓ,ĳ,syRcɓ,33.407,133.411,
,,sȏ㐼̐,33.419,133.525,
,ž,|SnH,33.369,134.65,
,,S쒬,33.307,133.163,
m,,ms䓇@mnCۑ,33.34,133.329,
,,썑s},33.354,133.386,
썑,ݺƯ,썑sL@mqCۊϑ,33.327,133.401,
D,,SÖ쒬D,33.25,133.53,
`R,ض,Sm쒬A,33.288,133.5,
|,,|sɔ,33.293,133.56,
c,,|Sc쒬,33.256,134.04,
,ս,S쐼H,33.234,132.553,
{,,{s,33.231,133.166,
l,,ˎsl,33.247,134.119,
E,޶,Sl\VJ,33.124,133.77,
˖,л,ˎs˖@˖ʒnCۊϑ,33.151,134.106,
˖,л,ˎs˖,33.148,134.105,
],ܻ,l\syp,33.102,132.475,
吳,,Sl\吳,33.116,132.583,
,,S,33.47,133.61,
h,,hюsГ@hѓʒnCۊϑ,32.552,132.417,
,Ŷ,l\scPO,32.594,132.552,
O,л,ysO,32.477,132.523,
,н,ys@ʒnCۊϑ,32.433,133.06,
{,,s{쒆,34.369,131.374,
,ʷ,s厚y쓇c@ʒnCۊϑ,34.246,131.243,
J,,sJVʖ,34.222,131.33,
,,Rsn,34.203,131.376,
,ĸ,Rs,34.239,131.435,
R,׶ݻ,⍑saH|R,34.21,132.38,
Hg,ּ޲,IsHFHg,34.141,131.184,
,,s厚쉺Ti,34.135,131.489,
L,۾,⍑sђL,34.157,131.571,
Lc,,֎sLc厚y,34.112,131.46,
,˶޼,IsےR,34.71,131.109,
R,ϸ,RsO@RʒnCۊϑ,34.97,131.277,
ac,,s厚,34.89,131.441,
⍑,ܸ,⍑s쐼,34.93,132.107,
h{,γ,h{s厚A,34.24,131.32,
,,sL,34.06,131.523,
,,⍑sϒ,34.57,132.45,
,ɾ,֎s|蒬@֒nCۑ,33.569,130.555,
,ɾ,֎sr,33.574,130.563,
F,,FsFn@RFqCۊϑ,33.558,131.167,
,Ų,sl,33.575,132.68,
,ɼ,哇Sh哇,33.542,132.176,
C,ɼ,s厚C,33.518,130.21,
@,Ŷ,@scF,33.485,130.323,
,,kBs̑,33.511,130.446,
`k,,kBsq`k@kBqCۊϑ,33.507,131.21,
J,˶޼,kBsq厚؉,33.467,130.519,
s,ոʼ,ss,33.428,130.585,
ђ,޶,ђˎs쓇Ö؁@ђ˓ʒnCۊϑ,33.391,130.416,
O,ϴ,sO,33.336,130.114,
,̸,s半@ǋCۑ,33.349,130.225,
,̸,sZ{,33.349,130.226,
,ʶ,s厚P䎚~@qnCۑ,33.35,130.271,
ɕ{,޻޲,ɕ{s卲,33.298,130.294,
Yc,,cSYc厚cm,33.335,130.513,
ǘeR,ܷ,sǋeR,33.293,130.212,
q,,qsOޖ,33.244,130.417,
pFR,˺,cSYc厚pFR,33.293,130.554,
v,,vĎsÕ{,33.182,130.296,
[R,ɳ,vĎs쒬g,33.175,130.375,
,۷,sؒ{,33.135,130.387,
,Ŷ,s{钬,33.96,130.242,
喴c,,喴cs,33.04,130.28,
,,s,33.405,131.354,
,Ŷ,Îs厚藯,33.352,131.147,
L㍂c,ݺ,L㍂cs,33.342,131.26,
nk,޹,Îsnk哇,33.267,131.69,
@,Ų,Fs@R,33.252,131.19,
nz,·,nzs厚{,33.25,131.358,
,ѻ,s厚Cc@啪qCۊϑ,33.287,131.442,
c,,csO{@cʒnCۊϑ,33.193,130.557,
,,S쒬厚,33.175,131.93,
z@,̲,Rzsz@,33.152,131.208,
啪,,啪sl@啪nCۑ,33.141,131.371,
,ɾ,啪s厚֎c,33.149,131.519,
փ@,޷,csOÍ]쎚EXM,33.114,130.549,
Pn,,Pns厚zKk,33.79,131.478,
,Ƕ,Lsc,33.39,131.379,
|c,,|cs厚X,32.584,131.239,
,,s,32.57,131.541,
F,,sFڑ厚d,32.507,131.405,
],ϴ,s]]Y,32.477,131.554,
kY,Ƴ,ΔnsΔnkYJLZ,34.419,129.267,
,,Δns@ʒnCۊϑ,34.118,129.175,
Ó,¼,ΔnsÓ{m@ΔnqCۊϑ,34.171,129.198,
,,sӒG,33.48,129.433,
Γc,,sΓc铌G@qCۊϑ,33.449,129.471,
,,ˎs̏㒬@˓ʒnCۊϑ,33.216,129.33,
Y,³,YsuƎ҃m,33.205,129.427,
,,ێss@ۓʒnCۊϑ,33.95,129.436,
C,,CsCY싽,33.08,129.391,
L,ض,쏼YSVܓL싽㌴,32.589,129.71,
Yx,Ŷ޳޹,s_Yk咆A}TL,32.545,129.443,
呺,,呺s@qCۊϑ,32.55,129.548,
|,,|snn,32.506,130.15,
,Ŷ޻,sR蒬@nCۑ,32.44,129.52,
_x,ݾ޹,_sl_@_xʒnCۊϑ,32.442,130.157,
_x,ݾ޹,_sl_匦}R,32.442,130.15,
,,sV,32.456,130.217,
],̸,ܓs؏꒬@]ʒnCۊϑ,32.416,128.496,
,е,ܓsÒ@]qCۊϑ,32.399,128.499,
V,,쓇sVÒ,32.367,130.116,
e,ܷл,se,32.349,129.466,
,,Îs[q,33.275,129.573,
kR,θ,sxm厚։,33.248,130.132,
,Ľ,scO,33.231,130.31,
ɖ,,ɖsԒ,33.16,129.527,
,,swO@nCۑ,33.159,130.183,
,ڼ,s쒬厚앸,33.7,129.597,
,۲,nSΒ厚c,33.11,130.89,
앛,ܿ,s앛厚䓹@qCۊϑ,33.89,130.181,
k,θ,Rsk,33.69,130.415,
쏬,е,hS쏬Ԕn,33.62,131.4,
Ж,Ҳ,ʖsЖy,32.549,130.307,
er,,ers؊q,32.567,130.469,
hP,,hsP,32.568,131.24,
F{,,F{s拞@F{nCۑ,32.488,130.424,
F{,,F{sk搴ŉz,32.493,130.429,
v,ϼ,vSv钬厚J哹@F{qCۊϑ,32.502,130.513,
숢h,б,hS숢h͉A,32.499,131.08,
X,,hSX厚X,32.493,131.75,
Fy,,FysnV,32.42,130.394,
Rs,,vSRsˊp,32.427,130.575,
Op,н,FsOpg,32.367,130.287,
b,,vSb厚L,32.387,130.486,
,¼,Vs,32.309,130.268,
{n,,Vs{n{˔n,32.281,130.108,
,¼,sRV,32.284,130.364,
cY,ɳ,kSk厚cY̌,32.218,130.305,
R],ϴ,SR]厚]`,32.181,130.448,
ܖ,·,Sܖؑb,32.237,130.496,
,,s앟,32.123,130.244,
ꏟn,,S厚ꏟni,32.147,130.387,
lg,ּ,lgs{@lgʒnCۊϑ,32.13,130.453,
,,S蒬k,32.135,130.543,
ǖ,׷,Sǖؒ厚nP,32.177,130.57,
OJ,ϴֺ,SOqR,32.158,131.26,
[,޶,Vs[@[ʒnCۊϑ,32.118,130.16,
,,PnS䒬厚{쌴,32.427,131.174,
Í],ٴ,skYÍ],32.427,131.492,
Ɖ,׵,PnS܃厚Ɖ,32.386,131.94,
Ve,ɶ,PnSVe厚܎㉺,32.409,131.244,
,¶,PnSˑ厚Ƒ,32.31,131.201,
k,,sk쐅K,32.337,131.315,
,޵,sV_H@ʒnCۊϑ,32.349,131.394,
,޵,sc,32.347,131.38,
ŗt,,PnSŗt厚,32.285,131.62,
,˭,s厚,32.245,131.36,
_,ж,PnS싽_,32.231,131.199,
ė,Ƽ,SėǑ厚|,32.144,131.91,
s_,,Ss_厚k,32.17,131.325,
,,S璬],32.74,131.285,
v,ĳ,т̎s厚iR,32.28,130.486,
s,,ss厚,32.38,131.248,
т,,т̎s厚i,31.567,130.504,
,Լ,юs쐼,32,130.572,
K,ɼ,юsK厚,31.574,131.94,
x,,Sx厚{uc,32.04,131.178,
{,Ի޷,{s@{nCۑ,31.563,131.248,
c,,{sc쒬b,31.506,131.185,
ԍ],,{s厚ԍ]@{qCۊϑ,31.526,131.269,
s,Ժɼޮ,ssҊ@sʒnCۊϑ,31.438,131.49,
[,̶,s厚Jb,31.382,131.15,
,,sÁ@ÓʒnCۊϑ,31.347,131.244,
,,sR,31.358,131.245,
,,Ԏs厚R,31.279,131.132,
v,,vsԐ@vʒnCۊϑ,32.16,130.12,
o,,osΒ,32.56,130.211,
,,ɍsc,32.28,130.376,
R,޻,FSܒ哴L,31.588,130.22,
ܔ,϶,FSܒ,31.55,130.273,
,Ŷ,Fs㍙,31.501,129.52,
,޲,Fs,31.5,130.189,
a,п,saӒ[@qCۊϑ,31.482,130.431,
dR,Դ,FsYVJ,31.448,130.263,
s,˶޼,ussc,31.401,130.197,
qV,Ϸ,sRR,31.397,130.506,
,޼,sS@nCۑ,31.333,130.328,
Pk,θ,sPks,31.353,130.513,
,,]sؒ,31.348,131.03,
c,,삳܎sc{,31.249,130.195,
gPʕ{,ּޯ,sG,31.275,130.517,
uzu,޼,uzusuzuuzủ,31.287,131.57,
,,s,31.232,130.324,
,,s,31.235,130.518,
̕tOc,·ϴ,̑S̕tOc,31.204,130.563,
,ϸ׻޷,s@ʒnCۊϑ,31.163,130.175,
wh,޽,whs\,31.15,130.382,
VY,ɳ,̑S̕tk,31.166,131.33,
c,,̑Sэ]c[,31.119,130.506,
,,̑Sɍ~,31.56,130.414,
q,ȶ޼,V\sV\@qʒnCۊϑ,30.432,130.589,
q,Ŷ,FьSq@qqCۊϑ,30.363,130.595,
㒆,Ŷ,FьSqV,30.244,130.541,
v,Ը,FьSvc@vʒnCۊϑ,30.231,130.395,
V,ɱ,FьSvVԎomK,30.141,130.333,
V,Ŷɼ,S\V,29.504,129.52,
,׼,S\,29.41,129.317,
zKV,ɾ,S\zKV,29.366,129.423,
,޶׼,S\,29.135,129.197,
,׼,S\,29.91,129.121,
},,s}厚a쎚lv@qCۊϑ,28.258,129.427,
,ž,s`@,28.227,129.297,
E,,哇SE厚q@EqCۊϑ,28.192,129.556,
Ðm,,哇S˓ÐmD,28.86,129.189,
V,Ϸ,哇SV钬厚Ԏp@VqCۊϑ,27.501,128.528,
ɐ,,哇Sɐ咬ʓ,27.406,128.584,
iǕ,ɴ,哇Sat@iǕʒnCۊϑ,27.259,128.423,
^_,ݼ,哇S^_@^_qCۊϑ,27.26,128.241,
ɐ,,KSɐ,26.569,127.564,
,,S,26.501,128.163,
,ƶ,Sn,26.437,128.107,
{,,S{Ӊ,26.411,127.539,
,˶޼,S,26.379,128.92,
,,KSl,26.355,127.143,
,ź,s{@ʒnCۊϑ,26.356,127.579,
ǒJ,,SǒJg,26.244,127.44,
k,,KSvēk@vēqCۊϑ,26.218,126.428,
vē,Ҽ,KSvēӖ@vēʒnCۊϑ,26.202,126.482,
n,ŷ,KSn쑺,26.224,127.85,
Ӊ,,sӉ,26.196,127.483,
{铇,Է޼,܎s^ߏ㌴,26.218,127.583,
nÕ~,Ķ,KSnÕ~nÕ~,26.126,127.218,
ߔe,,ߔes@Cۑ,26.124,127.412,
,,ߔes@ߔeq󑪌,26.116,127.383,
,Ķ,sʏ鎚ԒÐ쌴,26.92,127.459,
k哌,޲ĳ,KSk哌@k哌qCۊϑ,25.566,131.196,
哌,޲ĳ,KS哌ݏ@哌nCۑ,25.497,131.137,
,ĳ,KS哌@哌qCۊϑ,25.508,131.158,
n,Ӽ޼,{ÓsɗǕac@nqCۊϑ,24.496,125.86,
{Ó,Ժ,{Ósǎ@{ÓnCۑ,24.476,125.167,
,,{Ósǎ@{ÍqCۊϑ,24.469,125.177,
,޽,{ÓsӎV,24.446,125.246,
,Ŷ,{ÌSǊԑ؁@ǊԍqCۊϑ,24.392,124.405,
Ɍ,,Ί_sɌ,24.304,124.168,
,ĺ,dRS^ߍ^ߍ@^ߍqCۊϑ,24.28,122.587,
^ߍ,ŸƼ,dRS^ߍ^ߍ@^ߍʒnCۊϑ,24.28,123.06,
약,,Ί_s약,24.28,124.84,
\,صü,dRS|x㌴Fߗ@\ʒnCۊϑ,24.256,123.459,
Ί_,޷,Ί_so@Ί_nCۑ,24.202,124.98,
R,,Ί_sRq@Ί_qCۊϑ,24.237,124.147,
匴,,dRS|x앗,24.159,123.523,
gƊ,,dRS|xgƊ,24.33,123.46,
